fudu,fudu,018...,Uttara,fudu@d.com,fuduish,pass321,10,5,1990,D-123,Car,Toyota Corolla,DHA-11,0,1
fudu,fudu,018...,Uttara,fudu@d.com,fuduish,pass321,10,5,1990,D-123,Car,Toyota Corolla,DHA-11,0,1
fudu,fudu,018...,Uttara,fudu@d.com,fuduish,pass321,10,5,1990,D-123,Car,Toyota Corolla,DHA-11,0,1
fudu,fudu,018...,Uttara,fudu@d.com,fuduish,pass321,10,5,1990,D-123,Car,Toyota Corolla,DHA-11,0,1
fudu,fudu,018...,Uttara,fudu@d.com,fuduish,pass321,10,5,1990,D-123,Car,Toyota Corolla,DHA-11,0,1
fudu,fudu,018...,Uttara,fudu@d.com,fuduish,pass321,10,5,1990,D-123,Car,Toyota Corolla,DHA-11,0,1
fudu,fudu,018...,Uttara,fudu@d.com,fuduish,pass321,10,5,1990,D-123,Car,Toyota Corolla,DHA-11,0,1
fudu,fudu,018...,Uttara,fudu@d.com,fuduish,pass321,10,5,1990,D-123,Car,Toyota Corolla,DHA-11,0,1
fudu,fudu,018...,Uttara,fudu@d.com,fuduish,pass321,10,5,1990,D-123,Car,Toyota Corolla,DHA-11,0,1
fudu,fudu,018...,Uttara,fudu@d.com,fuduish,pass321,10,5,1990,D-123,Car,Toyota Corolla,DHA-11,0,1
fudu,fudu,018...,Uttara,fudu@d.com,fuduish,pass321,10,5,1990,D-123,Car,Toyota Corolla,DHA-11,0,1
fudu,fudu,018...,Uttara,fudu@d.com,fuduish,pass321,10,5,1990,D-123,Car,Toyota Corolla,DHA-11,0,1
fudu,fudu,018...,Uttara,fudu@d.com,fuduish,pass321,10,5,1990,D-123,Car,Toyota Corolla,DHA-11,0,1
fudu,fudu,018...,Uttara,fudu@d.com,fuduish,pass321,10,5,1990,D-123,Car,Toyota Corolla,DHA-11,0,1
fudu,fudu,018...,Uttara,fudu@d.com,fuduish,pass321,10,5,1990,D-123,Car,Toyota Corolla,DHA-11,0,1
fudu,fudu,018...,Uttara,fudu@d.com,fuduish,pass321,10,5,1990,D-123,Car,Toyota Corolla,DHA-11,0,1
