Abir,boss,017...,Mirpur,abir@test.com,abir123,pass888,1,1,2000,4.9,Bkash,0
Abir,boss,017...,Mirpur,abir@test.com,abir123,pass888,1,1,2000,4.9,Bkash,0
Abir,boss,017...,Mirpur,abir@test.com,abir123,pass888,1,1,2000,4.9,Bkash,0
Abir,boss,017...,Mirpur,abir@test.com,abir123,pass888,1,1,2000,4.9,Bkash,0
Abir,boss,017...,Mirpur,abir@test.com,abir123,pass888,1,1,2000,4.9,Bkash,0
Abir,boss,017...,Mirpur,abir@test.com,abir123,pass888,1,1,2000,4.9,Bkash,0
Abir,boss,017...,Mirpur,abir@test.com,abir123,pass888,1,1,2000,4.9,Bkash,0
Abir,boss,017...,Mirpur,abir@test.com,abir123,pass888,1,1,2000,4.9,Bkash,0
Abir,boss,017...,Mirpur,abir@test.com,abir123,pass888,1,1,2000,4.9,Bkash,0
Abir,boss,017...,Mirpur,abir@test.com,abir123,pass888,1,1,2000,4.9,Bkash,0
Abir,boss,017...,Mirpur,abir@test.com,abir123,pass888,1,1,2000,4.9,Bkash,0
Abir,boss,017...,Mirpur,abir@test.com,abir123,pass888,1,1,2000,4.9,Bkash,0
